{
  "project_info": {
    "project_number": "66507924301",
    "project_id": "rent-right-4a1fb",
    "storage_bucket": "rent-right-4a1fb.appspot.com"
  },
  "client": [
    {
      "client_info": {
        "mobilesdk_app_id": "1:66507924301:android:6c14ae31cc231073fb0d04",
        "android_client_info": {
          "package_name": "com.example.login_interface"
        }
      },
      "oauth_client": [],
      "api_key": [
        {
          "current_key": "AIzaSyAVzxnL3pLzFUgRzciNmA3-bcio44Xu-Ik"
        }
      ],
      "services": {
        "appinvite_service": {
          "other_platform_oauth_client": []
        }
      }
    }
  ],
  "configuration_version": "1"
}